"year","line","station","type","count"
"2006","田園都市線","渋谷","定期","433029"
"2006","田園都市線","渋谷","定期外","215600"
"2007","田園都市線","渋谷","定期","448607"
"2007","田園都市線","渋谷","定期外","231788"
"2005","田園都市線","渋谷","定期","421808"
"2005","田園都市線","渋谷","定期外","209673"
"2008","田園都市線","渋谷","定期","439047"
"2008","田園都市線","渋谷","定期外","221231"
"2009","田園都市線","渋谷","定期","433897"
"2009","田園都市線","渋谷","定期外","218953"
"2011","田園都市線","渋谷","定期","429404"
"2011","田園都市線","渋谷","定期外","212377"
"2010","田園都市線","渋谷","定期","432388"
"2010","田園都市線","渋谷","定期外","214943"
"2013","田園都市線","渋谷","定期","450445"
"2013","田園都市線","渋谷","定期外","215200"
"2012","田園都市線","渋谷","定期","438756"
"2012","田園都市線","渋谷","定期外","218111"
"2006","田園都市線","池尻大橋","定期","30285"
"2006","田園都市線","池尻大橋","定期外","22670"
"2007","田園都市線","池尻大橋","定期","31792"
"2007","田園都市線","池尻大橋","定期外","24276"
"2005","田園都市線","池尻大橋","定期","28778"
"2005","田園都市線","池尻大橋","定期外","21981"
"2008","田園都市線","池尻大橋","定期","32226"
"2008","田園都市線","池尻大橋","定期外","24307"
"2009","田園都市線","池尻大橋","定期","31796"
"2009","田園都市線","池尻大橋","定期外","24235"
"2011","田園都市線","池尻大橋","定期","32831"
"2011","田園都市線","池尻大橋","定期外","23542"
"2010","田園都市線","池尻大橋","定期","33417"
"2010","田園都市線","池尻大橋","定期外","23904"
"2013","田園都市線","池尻大橋","定期","35665"
"2013","田園都市線","池尻大橋","定期外","24433"
"2012","田園都市線","池尻大橋","定期","33561"
"2012","田園都市線","池尻大橋","定期外","24033"
"2006","田園都市線","三軒茶屋","定期","68035"
"2006","田園都市線","三軒茶屋","定期外","48680"
"2007","田園都市線","三軒茶屋","定期","69067"
"2007","田園都市線","三軒茶屋","定期外","52233"
"2005","田園都市線","三軒茶屋","定期","66840"
"2005","田園都市線","三軒茶屋","定期外","46959"
"2008","田園都市線","三軒茶屋","定期","70641"
"2008","田園都市線","三軒茶屋","定期外","52836"
"2009","田園都市線","三軒茶屋","定期","70046"
"2009","田園都市線","三軒茶屋","定期外","52690"
"2011","田園都市線","三軒茶屋","定期","69971"
"2011","田園都市線","三軒茶屋","定期外","52162"
"2010","田園都市線","三軒茶屋","定期","70507"
"2010","田園都市線","三軒茶屋","定期外","52275"
"2013","田園都市線","三軒茶屋","定期","74109"
"2013","田園都市線","三軒茶屋","定期外","54348"
"2012","田園都市線","三軒茶屋","定期","71497"
"2012","田園都市線","三軒茶屋","定期外","53216"
"2006","田園都市線","駒沢大学","定期","40026"
"2006","田園都市線","駒沢大学","定期外","25208"
"2007","田園都市線","駒沢大学","定期","41761"
"2007","田園都市線","駒沢大学","定期外","26960"
"2005","田園都市線","駒沢大学","定期","38657"
"2005","田園都市線","駒沢大学","定期外","24599"
"2008","田園都市線","駒沢大学","定期","41995"
"2008","田園都市線","駒沢大学","定期外","27563"
"2009","田園都市線","駒沢大学","定期","43044"
"2009","田園都市線","駒沢大学","定期外","27557"
"2011","田園都市線","駒沢大学","定期","43078"
"2011","田園都市線","駒沢大学","定期外","27166"
"2010","田園都市線","駒沢大学","定期","43877"
"2010","田園都市線","駒沢大学","定期外","26937"
"2013","田園都市線","駒沢大学","定期","46447"
"2013","田園都市線","駒沢大学","定期外","27882"
"2012","田園都市線","駒沢大学","定期","44781"
"2012","田園都市線","駒沢大学","定期外","27915"
"2006","田園都市線","桜新町","定期","39074"
"2006","田園都市線","桜新町","定期外","22109"
"2007","田園都市線","桜新町","定期","39666"
"2007","田園都市線","桜新町","定期外","23205"
"2005","田園都市線","桜新町","定期","37404"
"2005","田園都市線","桜新町","定期外","21969"
"2008","田園都市線","桜新町","定期","39987"
"2008","田園都市線","桜新町","定期外","23645"
"2009","田園都市線","桜新町","定期","40415"
"2009","田園都市線","桜新町","定期外","23735"
"2011","田園都市線","桜新町","定期","41793"
"2011","田園都市線","桜新町","定期外","23825"
"2010","田園都市線","桜新町","定期","41346"
"2010","田園都市線","桜新町","定期外","23729"
"2013","田園都市線","桜新町","定期","44577"
"2013","田園都市線","桜新町","定期外","24919"
"2012","田園都市線","桜新町","定期","43253"
"2012","田園都市線","桜新町","定期外","24677"
"2006","田園都市線","用賀","定期","30883"
"2006","田園都市線","用賀","定期外","26907"
"2007","田園都市線","用賀","定期","32075"
"2007","田園都市線","用賀","定期外","28189"
"2005","田園都市線","用賀","定期","30214"
"2005","田園都市線","用賀","定期外","26116"
"2008","田園都市線","用賀","定期","32353"
"2008","田園都市線","用賀","定期外","28308"
"2009","田園都市線","用賀","定期","32718"
"2009","田園都市線","用賀","定期外","28179"
"2011","田園都市線","用賀","定期","33239"
"2011","田園都市線","用賀","定期外","27493"
"2010","田園都市線","用賀","定期","33325"
"2010","田園都市線","用賀","定期外","27747"
"2013","田園都市線","用賀","定期","33451"
"2013","田園都市線","用賀","定期外","27648"
"2012","田園都市線","用賀","定期","33734"
"2012","田園都市線","用賀","定期外","28016"
"2006","田園都市線","二子玉川","定期","34557"
"2006","田園都市線","二子玉川","定期外","33048"
"2007","田園都市線","二子玉川","定期","34452"
"2007","田園都市線","二子玉川","定期外","34851"
"2005","田園都市線","二子玉川","定期","33035"
"2005","田園都市線","二子玉川","定期外","33024"
"2008","田園都市線","二子玉川","定期","35383"
"2008","田園都市線","二子玉川","定期外","34141"
"2009","田園都市線","二子玉川","定期","34130"
"2009","田園都市線","二子玉川","定期外","32226"
"2011","田園都市線","二子玉川","定期","37666"
"2011","田園都市線","二子玉川","定期外","39756"
"2010","田園都市線","二子玉川","定期","34462"
"2010","田園都市線","二子玉川","定期外","32054"
"2013","田園都市線","二子玉川","定期","40692"
"2013","田園都市線","二子玉川","定期外","38691"
"2012","田園都市線","二子玉川","定期","39102"
"2012","田園都市線","二子玉川","定期外","40159"
"2006","田園都市線","二子新地","定期","9124"
"2006","田園都市線","二子新地","定期外","8092"
"2007","田園都市線","二子新地","定期","9539"
"2007","田園都市線","二子新地","定期外","8743"
"2005","田園都市線","二子新地","定期","8876"
"2005","田園都市線","二子新地","定期外","7776"
"2008","田園都市線","二子新地","定期","9683"
"2008","田園都市線","二子新地","定期外","8950"
"2009","田園都市線","二子新地","定期","9710"
"2009","田園都市線","二子新地","定期外","9292"
"2011","田園都市線","二子新地","定期","9618"
"2011","田園都市線","二子新地","定期外","8767"
"2010","田園都市線","二子新地","定期","9573"
"2010","田園都市線","二子新地","定期外","9297"
"2013","田園都市線","二子新地","定期","10452"
"2013","田園都市線","二子新地","定期外","9385"
"2012","田園都市線","二子新地","定期","9941"
"2012","田園都市線","二子新地","定期外","9204"
"2006","田園都市線","高津","定期","16174"
"2006","田園都市線","高津","定期外","10905"
"2007","田園都市線","高津","定期","16667"
"2007","田園都市線","高津","定期外","11153"
"2005","田園都市線","高津","定期","15143"
"2005","田園都市線","高津","定期外","10659"
"2008","田園都市線","高津","定期","16567"
"2008","田園都市線","高津","定期外","11076"
"2009","田園都市線","高津","定期","16941"
"2009","田園都市線","高津","定期外","11029"
"2011","田園都市線","高津","定期","17583"
"2011","田園都市線","高津","定期外","11617"
"2010","田園都市線","高津","定期","17254"
"2010","田園都市線","高津","定期外","11175"
"2013","田園都市線","高津","定期","17974"
"2013","田園都市線","高津","定期外","11817"
"2012","田園都市線","高津","定期","17576"
"2012","田園都市線","高津","定期外","11620"
"2006","田園都市線","溝の口","定期","100081"
"2006","田園都市線","溝の口","定期外","64531"
"2007","田園都市線","溝の口","定期","104670"
"2007","田園都市線","溝の口","定期外","68062"
"2005","田園都市線","溝の口","定期","98254"
"2005","田園都市線","溝の口","定期外","62703"
"2008","田園都市線","溝の口","定期","105058"
"2008","田園都市線","溝の口","定期外","69141"
"2009","田園都市線","溝の口","定期","94311"
"2009","田園都市線","溝の口","定期外","59926"
"2011","田園都市線","溝の口","定期","88485"
"2011","田園都市線","溝の口","定期外","55850"
"2010","田園都市線","溝の口","定期","89769"
"2010","田園都市線","溝の口","定期外","55788"
"2013","田園都市線","溝の口","定期","93661"
"2013","田園都市線","溝の口","定期外","56778"
"2012","田園都市線","溝の口","定期","90809"
"2012","田園都市線","溝の口","定期外","56712"
"2006","田園都市線","梶が谷","定期","21988"
"2006","田園都市線","梶が谷","定期外","14366"
"2007","田園都市線","梶が谷","定期","22144"
"2007","田園都市線","梶が谷","定期外","14475"
"2005","田園都市線","梶が谷","定期","21223"
"2005","田園都市線","梶が谷","定期外","13923"
"2008","田園都市線","梶が谷","定期","22274"
"2008","田園都市線","梶が谷","定期外","14459"
"2009","田園都市線","梶が谷","定期","22248"
"2009","田園都市線","梶が谷","定期外","14262"
"2011","田園都市線","梶が谷","定期","22213"
"2011","田園都市線","梶が谷","定期外","14060"
"2010","田園都市線","梶が谷","定期","22177"
"2010","田園都市線","梶が谷","定期外","13974"
"2013","田園都市線","梶が谷","定期","23698"
"2013","田園都市線","梶が谷","定期外","14392"
"2012","田園都市線","梶が谷","定期","22816"
"2012","田園都市線","梶が谷","定期外","14202"
"2006","田園都市線","宮崎台","定期","26556"
"2006","田園都市線","宮崎台","定期外","17165"
"2007","田園都市線","宮崎台","定期","27176"
"2007","田園都市線","宮崎台","定期外","17293"
"2005","田園都市線","宮崎台","定期","25780"
"2005","田園都市線","宮崎台","定期外","16874"
"2008","田園都市線","宮崎台","定期","27352"
"2008","田園都市線","宮崎台","定期外","17386"
"2009","田園都市線","宮崎台","定期","27449"
"2009","田園都市線","宮崎台","定期外","17196"
"2011","田園都市線","宮崎台","定期","27254"
"2011","田園都市線","宮崎台","定期外","16944"
"2010","田園都市線","宮崎台","定期","27942"
"2010","田園都市線","宮崎台","定期外","16835"
"2013","田園都市線","宮崎台","定期","27991"
"2013","田園都市線","宮崎台","定期外","17137"
"2012","田園都市線","宮崎台","定期","27474"
"2012","田園都市線","宮崎台","定期外","16992"
"2006","田園都市線","宮前平","定期","29675"
"2006","田園都市線","宮前平","定期外","15655"
"2007","田園都市線","宮前平","定期","29838"
"2007","田園都市線","宮前平","定期外","16221"
"2005","田園都市線","宮前平","定期","29166"
"2005","田園都市線","宮前平","定期外","15526"
"2008","田園都市線","宮前平","定期","30108"
"2008","田園都市線","宮前平","定期外","16418"
"2009","田園都市線","宮前平","定期","30157"
"2009","田園都市線","宮前平","定期外","16233"
"2011","田園都市線","宮前平","定期","30830"
"2011","田園都市線","宮前平","定期外","16463"
"2010","田園都市線","宮前平","定期","30676"
"2010","田園都市線","宮前平","定期外","16217"
"2013","田園都市線","宮前平","定期","32374"
"2013","田園都市線","宮前平","定期外","17346"
"2012","田園都市線","宮前平","定期","31559"
"2012","田園都市線","宮前平","定期外","16953"
"2006","田園都市線","鷺沼","定期","36068"
"2006","田園都市線","鷺沼","定期外","25778"
"2007","田園都市線","鷺沼","定期","36674"
"2007","田園都市線","鷺沼","定期外","26086"
"2005","田園都市線","鷺沼","定期","35829"
"2005","田園都市線","鷺沼","定期外","25054"
"2008","田園都市線","鷺沼","定期","35381"
"2008","田園都市線","鷺沼","定期外","25122"
"2009","田園都市線","鷺沼","定期","35375"
"2009","田園都市線","鷺沼","定期外","24850"
"2011","田園都市線","鷺沼","定期","34324"
"2011","田園都市線","鷺沼","定期外","24461"
"2010","田園都市線","鷺沼","定期","35063"
"2010","田園都市線","鷺沼","定期外","24328"
"2013","田園都市線","鷺沼","定期","35623"
"2013","田園都市線","鷺沼","定期外","25366"
"2012","田園都市線","鷺沼","定期","34703"
"2012","田園都市線","鷺沼","定期外","24981"
"2006","田園都市線","たまプラーザ","定期","35055"
"2006","田園都市線","たまプラーザ","定期外","31401"
"2007","田園都市線","たまプラーザ","定期","36311"
"2007","田園都市線","たまプラーザ","定期外","32560"
"2005","田園都市線","たまプラーザ","定期","33821"
"2005","田園都市線","たまプラーザ","定期外","30417"
"2008","田園都市線","たまプラーザ","定期","36674"
"2008","田園都市線","たまプラーザ","定期外","32260"
"2009","田園都市線","たまプラーザ","定期","35799"
"2009","田園都市線","たまプラーザ","定期外","33338"
"2011","田園都市線","たまプラーザ","定期","37410"
"2011","田園都市線","たまプラーザ","定期外","36290"
"2010","田園都市線","たまプラーザ","定期","36102"
"2010","田園都市線","たまプラーザ","定期外","35153"
"2013","田園都市線","たまプラーザ","定期","40242"
"2013","田園都市線","たまプラーザ","定期外","38304"
"2012","田園都市線","たまプラーザ","定期","38580"
"2012","田園都市線","たまプラーザ","定期外","37387"
"2006","田園都市線","あざみ野","定期","84707"
"2006","田園都市線","あざみ野","定期外","46479"
"2007","田園都市線","あざみ野","定期","87644"
"2007","田園都市線","あざみ野","定期外","49377"
"2005","田園都市線","あざみ野","定期","80825"
"2005","田園都市線","あざみ野","定期外","44639"
"2008","田園都市線","あざみ野","定期","83232"
"2008","田園都市線","あざみ野","定期外","47553"
"2009","田園都市線","あざみ野","定期","82892"
"2009","田園都市線","あざみ野","定期外","46799"
"2011","田園都市線","あざみ野","定期","83362"
"2011","田園都市線","あざみ野","定期外","45624"
"2010","田園都市線","あざみ野","定期","83515"
"2010","田園都市線","あざみ野","定期外","45878"
"2013","田園都市線","あざみ野","定期","87576"
"2013","田園都市線","あざみ野","定期外","46993"
"2012","田園都市線","あざみ野","定期","85040"
"2012","田園都市線","あざみ野","定期外","46457"
"2006","田園都市線","江田","定期","26533"
"2006","田園都市線","江田","定期外","11049"
"2007","田園都市線","江田","定期","26757"
"2007","田園都市線","江田","定期外","11244"
"2005","田園都市線","江田","定期","25572"
"2005","田園都市線","江田","定期外","10783"
"2008","田園都市線","江田","定期","25319"
"2008","田園都市線","江田","定期外","10508"
"2009","田園都市線","江田","定期","25017"
"2009","田園都市線","江田","定期外","10288"
"2011","田園都市線","江田","定期","25013"
"2011","田園都市線","江田","定期外","10363"
"2010","田園都市線","江田","定期","25073"
"2010","田園都市線","江田","定期外","10175"
"2013","田園都市線","江田","定期","25978"
"2013","田園都市線","江田","定期外","10547"
"2012","田園都市線","江田","定期","25123"
"2012","田園都市線","江田","定期外","10419"
"2006","田園都市線","市が尾","定期","27057"
"2006","田園都市線","市が尾","定期外","18258"
"2007","田園都市線","市が尾","定期","27593"
"2007","田園都市線","市が尾","定期外","18520"
"2005","田園都市線","市が尾","定期","26642"
"2005","田園都市線","市が尾","定期外","17855"
"2008","田園都市線","市が尾","定期","26075"
"2008","田園都市線","市が尾","定期外","17815"
"2009","田園都市線","市が尾","定期","25924"
"2009","田園都市線","市が尾","定期外","17714"
"2011","田園都市線","市が尾","定期","25619"
"2011","田園都市線","市が尾","定期外","17144"
"2010","田園都市線","市が尾","定期","25786"
"2010","田園都市線","市が尾","定期外","17396"
"2013","田園都市線","市が尾","定期","26346"
"2013","田園都市線","市が尾","定期外","17202"
"2012","田園都市線","市が尾","定期","25761"
"2012","田園都市線","市が尾","定期外","17217"
"2006","田園都市線","藤が丘","定期","11664"
"2006","田園都市線","藤が丘","定期外","14655"
"2007","田園都市線","藤が丘","定期","11837"
"2007","田園都市線","藤が丘","定期外","14809"
"2005","田園都市線","藤が丘","定期","11561"
"2005","田園都市線","藤が丘","定期外","14340"
"2008","田園都市線","藤が丘","定期","11863"
"2008","田園都市線","藤が丘","定期外","14623"
"2009","田園都市線","藤が丘","定期","11744"
"2009","田園都市線","藤が丘","定期外","14464"
"2011","田園都市線","藤が丘","定期","11783"
"2011","田園都市線","藤が丘","定期外","14363"
"2010","田園都市線","藤が丘","定期","11772"
"2010","田園都市線","藤が丘","定期外","14362"
"2013","田園都市線","藤が丘","定期","12380"
"2013","田園都市線","藤が丘","定期外","14536"
"2012","田園都市線","藤が丘","定期","11990"
"2012","田園都市線","藤が丘","定期外","14396"
"2006","田園都市線","青葉台","定期","69155"
"2006","田園都市線","青葉台","定期外","40168"
"2007","田園都市線","青葉台","定期","69630"
"2007","田園都市線","青葉台","定期外","40894"
"2005","田園都市線","青葉台","定期","67915"
"2005","田園都市線","青葉台","定期外","39343"
"2008","田園都市線","青葉台","定期","69853"
"2008","田園都市線","青葉台","定期外","40557"
"2009","田園都市線","青葉台","定期","70128"
"2009","田園都市線","青葉台","定期外","39910"
"2011","田園都市線","青葉台","定期","69619"
"2011","田園都市線","青葉台","定期外","39238"
"2010","田園都市線","青葉台","定期","70185"
"2010","田園都市線","青葉台","定期外","39314"
"2013","田園都市線","青葉台","定期","71821"
"2013","田園都市線","青葉台","定期外","40418"
"2012","田園都市線","青葉台","定期","70519"
"2012","田園都市線","青葉台","定期外","39920"
"2006","田園都市線","田奈","定期","7153"
"2006","田園都市線","田奈","定期外","3748"
"2007","田園都市線","田奈","定期","7340"
"2007","田園都市線","田奈","定期外","3836"
"2005","田園都市線","田奈","定期","6867"
"2005","田園都市線","田奈","定期外","3686"
"2008","田園都市線","田奈","定期","7188"
"2008","田園都市線","田奈","定期外","3724"
"2009","田園都市線","田奈","定期","7208"
"2009","田園都市線","田奈","定期外","3644"
"2011","田園都市線","田奈","定期","7435"
"2011","田園都市線","田奈","定期外","3631"
"2010","田園都市線","田奈","定期","7313"
"2010","田園都市線","田奈","定期外","3638"
"2013","田園都市線","田奈","定期","7707"
"2013","田園都市線","田奈","定期外","3698"
"2012","田園都市線","田奈","定期","7586"
"2012","田園都市線","田奈","定期外","3671"
"2006","田園都市線","長津田","定期","78209"
"2006","田園都市線","長津田","定期外","42149"
"2007","田園都市線","長津田","定期","79478"
"2007","田園都市線","長津田","定期外","43724"
"2005","田園都市線","長津田","定期","77027"
"2005","田園都市線","長津田","定期外","41100"
"2008","田園都市線","長津田","定期","78576"
"2008","田園都市線","長津田","定期外","42698"
"2009","田園都市線","長津田","定期","78318"
"2009","田園都市線","長津田","定期外","42041"
"2011","田園都市線","長津田","定期","79535"
"2011","田園都市線","長津田","定期外","41840"
"2010","田園都市線","長津田","定期","79684"
"2010","田園都市線","長津田","定期外","42009"
"2013","田園都市線","長津田","定期","82156"
"2013","田園都市線","長津田","定期外","43333"
"2012","田園都市線","長津田","定期","81138"
"2012","田園都市線","長津田","定期外","42936"
"2006","田園都市線","つくし野","定期","8252"
"2006","田園都市線","つくし野","定期外","4729"
"2007","田園都市線","つくし野","定期","8173"
"2007","田園都市線","つくし野","定期外","4785"
"2005","田園都市線","つくし野","定期","8330"
"2005","田園都市線","つくし野","定期外","4653"
"2008","田園都市線","つくし野","定期","8011"
"2008","田園都市線","つくし野","定期外","4722"
"2009","田園都市線","つくし野","定期","7818"
"2009","田園都市線","つくし野","定期外","4608"
"2011","田園都市線","つくし野","定期","7696"
"2011","田園都市線","つくし野","定期外","4369"
"2010","田園都市線","つくし野","定期","7737"
"2010","田園都市線","つくし野","定期外","4534"
"2013","田園都市線","つくし野","定期","7932"
"2013","田園都市線","つくし野","定期外","4452"
"2012","田園都市線","つくし野","定期","7643"
"2012","田園都市線","つくし野","定期外","4414"
"2006","田園都市線","すずかけ台","定期","7904"
"2006","田園都市線","すずかけ台","定期外","3779"
"2007","田園都市線","すずかけ台","定期","7843"
"2007","田園都市線","すずかけ台","定期外","3907"
"2005","田園都市線","すずかけ台","定期","8013"
"2005","田園都市線","すずかけ台","定期外","3795"
"2008","田園都市線","すずかけ台","定期","7699"
"2008","田園都市線","すずかけ台","定期外","3928"
"2009","田園都市線","すずかけ台","定期","7629"
"2009","田園都市線","すずかけ台","定期外","3956"
"2011","田園都市線","すずかけ台","定期","7576"
"2011","田園都市線","すずかけ台","定期外","3931"
"2010","田園都市線","すずかけ台","定期","7617"
"2010","田園都市線","すずかけ台","定期外","3926"
"2013","田園都市線","すずかけ台","定期","7794"
"2013","田園都市線","すずかけ台","定期外","4031"
"2012","田園都市線","すずかけ台","定期","7526"
"2012","田園都市線","すずかけ台","定期外","3983"
"2006","田園都市線","南町田","定期","17074"
"2006","田園都市線","南町田","定期外","13446"
"2007","田園都市線","南町田","定期","17729"
"2007","田園都市線","南町田","定期外","13470"
"2005","田園都市線","南町田","定期","16374"
"2005","田園都市線","南町田","定期外","11596"
"2008","田園都市線","南町田","定期","18021"
"2008","田園都市線","南町田","定期外","13774"
"2009","田園都市線","南町田","定期","18060"
"2009","田園都市線","南町田","定期外","13448"
"2011","田園都市線","南町田","定期","18717"
"2011","田園都市線","南町田","定期外","13185"
"2010","田園都市線","南町田","定期","18466"
"2010","田園都市線","南町田","定期外","13096"
"2013","田園都市線","南町田","定期","19971"
"2013","田園都市線","南町田","定期外","14028"
"2012","田園都市線","南町田","定期","19230"
"2012","田園都市線","南町田","定期外","13596"
"2006","田園都市線","つきみ野","定期","4266"
"2006","田園都市線","つきみ野","定期外","5631"
"2007","田園都市線","つきみ野","定期","4331"
"2007","田園都市線","つきみ野","定期外","5567"
"2005","田園都市線","つきみ野","定期","4342"
"2005","田園都市線","つきみ野","定期外","5615"
"2008","田園都市線","つきみ野","定期","4411"
"2008","田園都市線","つきみ野","定期外","5572"
"2009","田園都市線","つきみ野","定期","4509"
"2009","田園都市線","つきみ野","定期外","5478"
"2011","田園都市線","つきみ野","定期","4712"
"2011","田園都市線","つきみ野","定期外","5236"
"2010","田園都市線","つきみ野","定期","4664"
"2010","田園都市線","つきみ野","定期外","5373"
"2013","田園都市線","つきみ野","定期","5172"
"2013","田園都市線","つきみ野","定期外","5323"
"2012","田園都市線","つきみ野","定期","4997"
"2012","田園都市線","つきみ野","定期外","5283"
"2006","田園都市線","中央林間","定期","61334"
"2006","田園都市線","中央林間","定期外","33572"
"2007","田園都市線","中央林間","定期","63110"
"2007","田園都市線","中央林間","定期外","34374"
"2005","田園都市線","中央林間","定期","59146"
"2005","田園都市線","中央林間","定期外","32261"
"2008","田園都市線","中央林間","定期","63250"
"2008","田園都市線","中央林間","定期外","34282"
"2009","田園都市線","中央林間","定期","63499"
"2009","田園都市線","中央林間","定期外","33854"
"2011","田園都市線","中央林間","定期","64381"
"2011","田園都市線","中央林間","定期外","33131"
"2010","田園都市線","中央林間","定期","64623"
"2010","田園都市線","中央林間","定期外","33612"
"2013","田園都市線","中央林間","定期","68966"
"2013","田園都市線","中央林間","定期外","35352"
"2012","田園都市線","中央林間","定期","65967"
"2012","田園都市線","中央林間","定期外","34558"
"2006","池上線","五反田","定期","66314"
"2006","池上線","五反田","定期外","36921"
"2007","池上線","五反田","定期","66829"
"2007","池上線","五反田","定期外","36505"
"2005","池上線","五反田","定期","65308"
"2005","池上線","五反田","定期外","36661"
"2008","池上線","五反田","定期","67671"
"2008","池上線","五反田","定期外","36468"
"2009","池上線","五反田","定期","67443"
"2009","池上線","五反田","定期外","35452"
"2011","池上線","五反田","定期","67438"
"2011","池上線","五反田","定期外","34466"
"2010","池上線","五反田","定期","67471"
"2010","池上線","五反田","定期外","34630"
"2013","池上線","五反田","定期","72218"
"2013","池上線","五反田","定期外","35807"
"2012","池上線","五反田","定期","69773"
"2012","池上線","五反田","定期外","35394"
"2006","池上線","大崎広小路","定期","3019"
"2006","池上線","大崎広小路","定期外","5034"
"2007","池上線","大崎広小路","定期","3136"
"2007","池上線","大崎広小路","定期外","5358"
"2005","池上線","大崎広小路","定期","2807"
"2005","池上線","大崎広小路","定期外","4825"
"2008","池上線","大崎広小路","定期","3309"
"2008","池上線","大崎広小路","定期外","5573"
"2009","池上線","大崎広小路","定期","3292"
"2009","池上線","大崎広小路","定期外","5529"
"2011","池上線","大崎広小路","定期","3215"
"2011","池上線","大崎広小路","定期外","5174"
"2010","池上線","大崎広小路","定期","3292"
"2010","池上線","大崎広小路","定期外","5387"
"2013","池上線","大崎広小路","定期","2592"
"2013","池上線","大崎広小路","定期外","5059"
"2012","池上線","大崎広小路","定期","3279"
"2012","池上線","大崎広小路","定期外","5108"
"2006","池上線","戸越銀座","定期","8960"
"2006","池上線","戸越銀座","定期外","9321"
"2007","池上線","戸越銀座","定期","8951"
"2007","池上線","戸越銀座","定期外","9548"
"2005","池上線","戸越銀座","定期","9057"
"2005","池上線","戸越銀座","定期外","9109"
"2008","池上線","戸越銀座","定期","8974"
"2008","池上線","戸越銀座","定期外","9710"
"2009","池上線","戸越銀座","定期","9056"
"2009","池上線","戸越銀座","定期外","9725"
"2011","池上線","戸越銀座","定期","9060"
"2011","池上線","戸越銀座","定期外","9383"
"2010","池上線","戸越銀座","定期","9125"
"2010","池上線","戸越銀座","定期外","9633"
"2013","池上線","戸越銀座","定期","9416"
"2013","池上線","戸越銀座","定期外","9683"
"2012","池上線","戸越銀座","定期","9170"
"2012","池上線","戸越銀座","定期外","9509"
"2006","池上線","荏原中延","定期","6932"
"2006","池上線","荏原中延","定期外","5360"
"2007","池上線","荏原中延","定期","7023"
"2007","池上線","荏原中延","定期外","5420"
"2005","池上線","荏原中延","定期","6747"
"2005","池上線","荏原中延","定期外","5303"
"2008","池上線","荏原中延","定期","7029"
"2008","池上線","荏原中延","定期外","5534"
"2009","池上線","荏原中延","定期","7076"
"2009","池上線","荏原中延","定期外","5446"
"2011","池上線","荏原中延","定期","7085"
"2011","池上線","荏原中延","定期外","5421"
"2010","池上線","荏原中延","定期","7223"
"2010","池上線","荏原中延","定期外","5427"
"2013","池上線","荏原中延","定期","7472"
"2013","池上線","荏原中延","定期外","5566"
"2012","池上線","荏原中延","定期","7252"
"2012","池上線","荏原中延","定期外","5478"
"2006","池上線","旗の台","定期","6623"
"2006","池上線","旗の台","定期外","7433"
"2007","池上線","旗の台","定期","6694"
"2007","池上線","旗の台","定期外","7913"
"2005","池上線","旗の台","定期","7036"
"2005","池上線","旗の台","定期外","7323"
"2008","池上線","旗の台","定期","6582"
"2008","池上線","旗の台","定期外","8037"
"2009","池上線","旗の台","定期","6360"
"2009","池上線","旗の台","定期外","7906"
"2011","池上線","旗の台","定期","6156"
"2011","池上線","旗の台","定期外","7906"
"2010","池上線","旗の台","定期","6177"
"2010","池上線","旗の台","定期外","7884"
"2013","池上線","旗の台","定期","6484"
"2013","池上線","旗の台","定期外","8075"
"2012","池上線","旗の台","定期","6377"
"2012","池上線","旗の台","定期外","8013"
"2006","池上線","長原","定期","7876"
"2006","池上線","長原","定期外","6825"
"2007","池上線","長原","定期","7787"
"2007","池上線","長原","定期外","6953"
"2005","池上線","長原","定期","8000"
"2005","池上線","長原","定期外","6511"
"2008","池上線","長原","定期","7666"
"2008","池上線","長原","定期外","7190"
"2009","池上線","長原","定期","7424"
"2009","池上線","長原","定期外","7047"
"2011","池上線","長原","定期","7204"
"2011","池上線","長原","定期外","6716"
"2010","池上線","長原","定期","7385"
"2010","池上線","長原","定期外","6834"
"2013","池上線","長原","定期","7809"
"2013","池上線","長原","定期外","7058"
"2012","池上線","長原","定期","7491"
"2012","池上線","長原","定期外","6913"
"2006","池上線","洗足池","定期","9255"
"2006","池上線","洗足池","定期外","7250"
"2007","池上線","洗足池","定期","9493"
"2007","池上線","洗足池","定期外","7459"
"2005","池上線","洗足池","定期","8866"
"2005","池上線","洗足池","定期外","7139"
"2008","池上線","洗足池","定期","9608"
"2008","池上線","洗足池","定期外","7454"
"2009","池上線","洗足池","定期","9474"
"2009","池上線","洗足池","定期外","7426"
"2011","池上線","洗足池","定期","9758"
"2011","池上線","洗足池","定期外","7286"
"2010","池上線","洗足池","定期","9541"
"2010","池上線","洗足池","定期外","7378"
"2013","池上線","洗足池","定期","10620"
"2013","池上線","洗足池","定期外","7470"
"2012","池上線","洗足池","定期","10104"
"2012","池上線","洗足池","定期外","7606"
"2006","池上線","石川台","定期","7041"
"2006","池上線","石川台","定期外","7455"
"2007","池上線","石川台","定期","7094"
"2007","池上線","石川台","定期外","7654"
"2005","池上線","石川台","定期","6977"
"2005","池上線","石川台","定期外","7242"
"2008","池上線","石川台","定期","7028"
"2008","池上線","石川台","定期外","7713"
"2009","池上線","石川台","定期","6739"
"2009","池上線","石川台","定期外","7431"
"2011","池上線","石川台","定期","6797"
"2011","池上線","石川台","定期外","7298"
"2010","池上線","石川台","定期","6776"
"2010","池上線","石川台","定期外","7357"
"2013","池上線","石川台","定期","7092"
"2013","池上線","石川台","定期外","7554"
"2012","池上線","石川台","定期","6875"
"2012","池上線","石川台","定期外","7471"
"2006","池上線","雪が谷大塚","定期","12376"
"2006","池上線","雪が谷大塚","定期外","8990"
"2007","池上線","雪が谷大塚","定期","12686"
"2007","池上線","雪が谷大塚","定期外","9294"
"2005","池上線","雪が谷大塚","定期","11971"
"2005","池上線","雪が谷大塚","定期外","8774"
"2008","池上線","雪が谷大塚","定期","12950"
"2008","池上線","雪が谷大塚","定期外","9688"
"2009","池上線","雪が谷大塚","定期","12911"
"2009","池上線","雪が谷大塚","定期外","9606"
"2011","池上線","雪が谷大塚","定期","13210"
"2011","池上線","雪が谷大塚","定期外","9608"
"2010","池上線","雪が谷大塚","定期","13111"
"2010","池上線","雪が谷大塚","定期外","9505"
"2013","池上線","雪が谷大塚","定期","13806"
"2013","池上線","雪が谷大塚","定期外","9993"
"2012","池上線","雪が谷大塚","定期","13393"
"2012","池上線","雪が谷大塚","定期外","9809"
"2006","池上線","御嶽山","定期","14457"
"2006","池上線","御嶽山","定期外","6926"
"2007","池上線","御嶽山","定期","14870"
"2007","池上線","御嶽山","定期外","7032"
"2005","池上線","御嶽山","定期","13662"
"2005","池上線","御嶽山","定期外","6737"
"2008","池上線","御嶽山","定期","15209"
"2008","池上線","御嶽山","定期外","7224"
"2009","池上線","御嶽山","定期","15796"
"2009","池上線","御嶽山","定期外","7247"
"2011","池上線","御嶽山","定期","16360"
"2011","池上線","御嶽山","定期外","7228"
"2010","池上線","御嶽山","定期","16235"
"2010","池上線","御嶽山","定期外","7251"
"2013","池上線","御嶽山","定期","17361"
"2013","池上線","御嶽山","定期外","7496"
"2012","池上線","御嶽山","定期","16860"
"2012","池上線","御嶽山","定期外","7358"
"2006","池上線","久が原","定期","7816"
"2006","池上線","久が原","定期外","7255"
"2007","池上線","久が原","定期","7819"
"2007","池上線","久が原","定期外","7367"
"2005","池上線","久が原","定期","8040"
"2005","池上線","久が原","定期外","7034"
"2008","池上線","久が原","定期","7728"
"2008","池上線","久が原","定期外","7405"
"2009","池上線","久が原","定期","7537"
"2009","池上線","久が原","定期外","7272"
"2011","池上線","久が原","定期","7143"
"2011","池上線","久が原","定期外","7140"
"2010","池上線","久が原","定期","7214"
"2010","池上線","久が原","定期外","7166"
"2013","池上線","久が原","定期","7515"
"2013","池上線","久が原","定期外","7311"
"2012","池上線","久が原","定期","7252"
"2012","池上線","久が原","定期外","7178"
"2006","池上線","千鳥町","定期","7122"
"2006","池上線","千鳥町","定期外","5578"
"2007","池上線","千鳥町","定期","7406"
"2007","池上線","千鳥町","定期外","5703"
"2005","池上線","千鳥町","定期","6610"
"2005","池上線","千鳥町","定期外","5467"
"2008","池上線","千鳥町","定期","7816"
"2008","池上線","千鳥町","定期外","5884"
"2009","池上線","千鳥町","定期","8015"
"2009","池上線","千鳥町","定期外","5743"
"2011","池上線","千鳥町","定期","8324"
"2011","池上線","千鳥町","定期外","5688"
"2010","池上線","千鳥町","定期","8226"
"2010","池上線","千鳥町","定期外","5676"
"2013","池上線","千鳥町","定期","9081"
"2013","池上線","千鳥町","定期外","5814"
"2012","池上線","千鳥町","定期","8684"
"2012","池上線","千鳥町","定期外","5708"
"2006","池上線","池上","定期","17080"
"2006","池上線","池上","定期外","15014"
"2007","池上線","池上","定期","17671"
"2007","池上線","池上","定期外","15636"
"2005","池上線","池上","定期","16826"
"2005","池上線","池上","定期外","14838"
"2008","池上線","池上","定期","17880"
"2008","池上線","池上","定期外","16067"
"2009","池上線","池上","定期","17860"
"2009","池上線","池上","定期外","15720"
"2011","池上線","池上","定期","17913"
"2011","池上線","池上","定期外","15363"
"2010","池上線","池上","定期","18138"
"2010","池上線","池上","定期外","15626"
"2013","池上線","池上","定期","18560"
"2013","池上線","池上","定期外","15697"
"2012","池上線","池上","定期","18128"
"2012","池上線","池上","定期外","15734"
"2006","池上線","蓮沼","定期","3208"
"2006","池上線","蓮沼","定期外","3857"
"2007","池上線","蓮沼","定期","3243"
"2007","池上線","蓮沼","定期外","4013"
"2005","池上線","蓮沼","定期","3385"
"2005","池上線","蓮沼","定期外","3767"
"2008","池上線","蓮沼","定期","3186"
"2008","池上線","蓮沼","定期外","4020"
"2009","池上線","蓮沼","定期","3284"
"2009","池上線","蓮沼","定期外","3971"
"2011","池上線","蓮沼","定期","3292"
"2011","池上線","蓮沼","定期外","3999"
"2010","池上線","蓮沼","定期","3328"
"2010","池上線","蓮沼","定期外","4013"
"2013","池上線","蓮沼","定期","3397"
"2013","池上線","蓮沼","定期外","4190"
"2012","池上線","蓮沼","定期","3309"
"2012","池上線","蓮沼","定期外","4138"
"2006","池上線","蒲田","定期","40057"
"2006","池上線","蒲田","定期外","26242"
"2007","池上線","蒲田","定期","40843"
"2007","池上線","蒲田","定期外","26537"
"2005","池上線","蒲田","定期","39026"
"2005","池上線","蒲田","定期外","25638"
"2008","池上線","蒲田","定期","41086"
"2008","池上線","蒲田","定期外","27289"
"2009","池上線","蒲田","定期","41125"
"2009","池上線","蒲田","定期外","26738"
"2011","池上線","蒲田","定期","40757"
"2011","池上線","蒲田","定期外","26414"
"2010","池上線","蒲田","定期","41198"
"2010","池上線","蒲田","定期外","26675"
"2013","池上線","蒲田","定期","42422"
"2013","池上線","蒲田","定期外","27042"
"2012","池上線","蒲田","定期","41303"
"2012","池上線","蒲田","定期外","26840"
"2006","こどもの国線","長津田","定期","6289"
"2006","こどもの国線","長津田","定期外","4207"
"2007","こどもの国線","長津田","定期","6506"
"2007","こどもの国線","長津田","定期外","4346"
"2005","こどもの国線","長津田","定期","6074"
"2005","こどもの国線","長津田","定期外","4034"
"2008","こどもの国線","長津田","定期","6593"
"2008","こどもの国線","長津田","定期外","4548"
"2009","こどもの国線","長津田","定期","6603"
"2009","こどもの国線","長津田","定期外","4421"
"2011","こどもの国線","長津田","定期","7114"
"2011","こどもの国線","長津田","定期外","4457"
"2010","こどもの国線","長津田","定期","6928"
"2010","こどもの国線","長津田","定期外","4515"
"2013","こどもの国線","長津田","定期","8557"
"2013","こどもの国線","長津田","定期外","4569"
"2012","こどもの国線","長津田","定期","8135"
"2012","こどもの国線","長津田","定期外","4586"
"2006","こどもの国線","恩田","定期","－"
"2006","こどもの国線","恩田","定期外","711"
"2007","こどもの国線","恩田","定期","－"
"2007","こどもの国線","恩田","定期外","799"
"2005","こどもの国線","恩田","定期","－"
"2005","こどもの国線","恩田","定期外","674"
"2008","こどもの国線","恩田","定期","－"
"2008","こどもの国線","恩田","定期外","848"
"2009","こどもの国線","恩田","定期","－"
"2009","こどもの国線","恩田","定期外","846"
"2011","こどもの国線","恩田","定期","－"
"2011","こどもの国線","恩田","定期外","894"
"2010","こどもの国線","恩田","定期","－"
"2010","こどもの国線","恩田","定期外","905"
"2013","こどもの国線","恩田","定期","－"
"2013","こどもの国線","恩田","定期外","908"
"2012","こどもの国線","恩田","定期","－"
"2012","こどもの国線","恩田","定期外","917"
"2006","こどもの国線","こどもの国","定期","6289"
"2006","こどもの国線","こどもの国","定期外","3496"
"2007","こどもの国線","こどもの国","定期","6506"
"2007","こどもの国線","こどもの国","定期外","3547"
"2005","こどもの国線","こどもの国","定期","6074"
"2005","こどもの国線","こどもの国","定期外","3360"
"2008","こどもの国線","こどもの国","定期","6593"
"2008","こどもの国線","こどもの国","定期外","3700"
"2009","こどもの国線","こどもの国","定期","6603"
"2009","こどもの国線","こどもの国","定期外","3575"
"2011","こどもの国線","こどもの国","定期","7114"
"2011","こどもの国線","こどもの国","定期外","3566"
"2010","こどもの国線","こどもの国","定期","6928"
"2010","こどもの国線","こどもの国","定期外","3610"
"2013","こどもの国線","こどもの国","定期","8557"
"2013","こどもの国線","こどもの国","定期外","3664"
"2012","こどもの国線","こどもの国","定期","8133"
"2012","こどもの国線","こどもの国","定期外","3671"
"2006","目黒線","目黒","定期","126783"
"2006","目黒線","目黒","定期外","76962"
"2007","目黒線","目黒","定期","135432"
"2007","目黒線","目黒","定期外","85997"
"2005","目黒線","目黒","定期","121450"
"2005","目黒線","目黒","定期外","73975"
"2008","目黒線","目黒","定期","144993"
"2008","目黒線","目黒","定期外","90374"
"2009","目黒線","目黒","定期","150515"
"2009","目黒線","目黒","定期外","91070"
"2011","目黒線","目黒","定期","149452"
"2011","目黒線","目黒","定期外","87120"
"2010","目黒線","目黒","定期","148141"
"2010","目黒線","目黒","定期外","87456"
"2013","目黒線","目黒","定期","160339"
"2013","目黒線","目黒","定期外","87735"
"2012","目黒線","目黒","定期","152901"
"2012","目黒線","目黒","定期外","88817"
"2006","目黒線","不動前","定期","14947"
"2006","目黒線","不動前","定期外","13594"
"2007","目黒線","不動前","定期","14925"
"2007","目黒線","不動前","定期外","14068"
"2005","目黒線","不動前","定期","15799"
"2005","目黒線","不動前","定期外","13459"
"2008","目黒線","不動前","定期","14931"
"2008","目黒線","不動前","定期外","14043"
"2009","目黒線","不動前","定期","14447"
"2009","目黒線","不動前","定期外","13645"
"2011","目黒線","不動前","定期","14257"
"2011","目黒線","不動前","定期外","13614"
"2010","目黒線","不動前","定期","13977"
"2010","目黒線","不動前","定期外","13449"
"2013","目黒線","不動前","定期","15220"
"2013","目黒線","不動前","定期外","13698"
"2012","目黒線","不動前","定期","14774"
"2012","目黒線","不動前","定期外","13745"
"2006","目黒線","武蔵小山","定期","22458"
"2006","目黒線","武蔵小山","定期外","18368"
"2007","目黒線","武蔵小山","定期","24048"
"2007","目黒線","武蔵小山","定期外","20228"
"2005","目黒線","武蔵小山","定期","22082"
"2005","目黒線","武蔵小山","定期外","17692"
"2008","目黒線","武蔵小山","定期","24507"
"2008","目黒線","武蔵小山","定期外","21130"
"2009","目黒線","武蔵小山","定期","24145"
"2009","目黒線","武蔵小山","定期外","21542"
"2011","目黒線","武蔵小山","定期","25160"
"2011","目黒線","武蔵小山","定期外","22265"
"2010","目黒線","武蔵小山","定期","24632"
"2010","目黒線","武蔵小山","定期外","22101"
"2013","目黒線","武蔵小山","定期","27445"
"2013","目黒線","武蔵小山","定期外","23554"
"2012","目黒線","武蔵小山","定期","26056"
"2012","目黒線","武蔵小山","定期外","22792"
"2006","目黒線","西小山","定期","19206"
"2006","目黒線","西小山","定期外","11563"
"2007","目黒線","西小山","定期","19628"
"2007","目黒線","西小山","定期外","11850"
"2005","目黒線","西小山","定期","17655"
"2005","目黒線","西小山","定期外","11630"
"2008","目黒線","西小山","定期","20336"
"2008","目黒線","西小山","定期外","11800"
"2009","目黒線","西小山","定期","20964"
"2009","目黒線","西小山","定期外","11798"
"2011","目黒線","西小山","定期","22008"
"2011","目黒線","西小山","定期外","11662"
"2010","目黒線","西小山","定期","21771"
"2010","目黒線","西小山","定期外","11510"
"2013","目黒線","西小山","定期","23385"
"2013","目黒線","西小山","定期外","11971"
"2012","目黒線","西小山","定期","22721"
"2012","目黒線","西小山","定期外","11855"
"2006","目黒線","洗足","定期","7282"
"2006","目黒線","洗足","定期外","7725"
"2007","目黒線","洗足","定期","7056"
"2007","目黒線","洗足","定期外","7835"
"2005","目黒線","洗足","定期","7655"
"2005","目黒線","洗足","定期外","7480"
"2008","目黒線","洗足","定期","6901"
"2008","目黒線","洗足","定期外","7752"
"2009","目黒線","洗足","定期","6638"
"2009","目黒線","洗足","定期外","7649"
"2011","目黒線","洗足","定期","6622"
"2011","目黒線","洗足","定期外","7543"
"2010","目黒線","洗足","定期","6661"
"2010","目黒線","洗足","定期外","7424"
"2013","目黒線","洗足","定期","6768"
"2013","目黒線","洗足","定期外","7713"
"2012","目黒線","洗足","定期","6790"
"2012","目黒線","洗足","定期外","7521"
"2006","目黒線","大岡山","定期","9677"
"2006","目黒線","大岡山","定期外","7165"
"2007","目黒線","大岡山","定期","9897"
"2007","目黒線","大岡山","定期外","8777"
"2005","目黒線","大岡山","定期","9617"
"2005","目黒線","大岡山","定期外","7161"
"2008","目黒線","大岡山","定期","10032"
"2008","目黒線","大岡山","定期外","9328"
"2009","目黒線","大岡山","定期","10152"
"2009","目黒線","大岡山","定期外","9701"
"2011","目黒線","大岡山","定期","10092"
"2011","目黒線","大岡山","定期外","9501"
"2010","目黒線","大岡山","定期","10213"
"2010","目黒線","大岡山","定期外","9560"
"2013","目黒線","大岡山","定期","10322"
"2013","目黒線","大岡山","定期外","9607"
"2012","目黒線","大岡山","定期","10129"
"2012","目黒線","大岡山","定期外","9798"
"2006","目黒線","奥沢","定期","6091"
"2006","目黒線","奥沢","定期外","7161"
"2007","目黒線","奥沢","定期","6164"
"2007","目黒線","奥沢","定期外","7305"
"2005","目黒線","奥沢","定期","6080"
"2005","目黒線","奥沢","定期外","7062"
"2008","目黒線","奥沢","定期","6208"
"2008","目黒線","奥沢","定期外","7343"
"2009","目黒線","奥沢","定期","6116"
"2009","目黒線","奥沢","定期外","7079"
"2011","目黒線","奥沢","定期","6184"
"2011","目黒線","奥沢","定期外","6820"
"2010","目黒線","奥沢","定期","6151"
"2010","目黒線","奥沢","定期外","6907"
"2013","目黒線","奥沢","定期","6565"
"2013","目黒線","奥沢","定期外","7099"
"2012","目黒線","奥沢","定期","6312"
"2012","目黒線","奥沢","定期外","6920"
"2006","目黒線","田園調布","定期","4841"
"2006","目黒線","田園調布","定期外","4378"
"2007","目黒線","田園調布","定期","5160"
"2007","目黒線","田園調布","定期外","4819"
"2005","目黒線","田園調布","定期","4562"
"2005","目黒線","田園調布","定期外","4267"
"2008","目黒線","田園調布","定期","5439"
"2008","目黒線","田園調布","定期外","5061"
"2009","目黒線","田園調布","定期","5554"
"2009","目黒線","田園調布","定期外","5084"
"2011","目黒線","田園調布","定期","5659"
"2011","目黒線","田園調布","定期外","4914"
"2010","目黒線","田園調布","定期","5574"
"2010","目黒線","田園調布","定期外","5004"
"2013","目黒線","田園調布","定期","6263"
"2013","目黒線","田園調布","定期外","5720"
"2012","目黒線","田園調布","定期","5901"
"2012","目黒線","田園調布","定期外","5054"
"2006","目黒線","多摩川","定期","1053"
"2006","目黒線","多摩川","定期外","1239"
"2007","目黒線","多摩川","定期","1171"
"2007","目黒線","多摩川","定期外","1447"
"2005","目黒線","多摩川","定期","1026"
"2005","目黒線","多摩川","定期外","1263"
"2008","目黒線","多摩川","定期","1248"
"2008","目黒線","多摩川","定期外","1636"
"2009","目黒線","多摩川","定期","1245"
"2009","目黒線","多摩川","定期外","1811"
"2011","目黒線","多摩川","定期","1217"
"2011","目黒線","多摩川","定期外","1787"
"2010","目黒線","多摩川","定期","1214"
"2010","目黒線","多摩川","定期外","1813"
"2013","目黒線","多摩川","定期","1330"
"2013","目黒線","多摩川","定期外","2029"
"2012","目黒線","多摩川","定期","1259"
"2012","目黒線","多摩川","定期外","1872"
"2006","目黒線","新丸子","定期","1458"
"2006","目黒線","新丸子","定期外","3491"
"2007","目黒線","新丸子","定期","1519"
"2007","目黒線","新丸子","定期外","3792"
"2005","目黒線","新丸子","定期","1377"
"2005","目黒線","新丸子","定期外","3294"
"2008","目黒線","新丸子","定期","1919"
"2008","目黒線","新丸子","定期外","4123"
"2009","目黒線","新丸子","定期","2051"
"2009","目黒線","新丸子","定期外","4164"
"2011","目黒線","新丸子","定期","2011"
"2011","目黒線","新丸子","定期外","3720"
"2010","目黒線","新丸子","定期","1963"
"2010","目黒線","新丸子","定期外","3775"
"2013","目黒線","新丸子","定期","2209"
"2013","目黒線","新丸子","定期外","3630"
"2012","目黒線","新丸子","定期","2121"
"2012","目黒線","新丸子","定期外","3862"
"2006","目黒線","武蔵小杉","定期","20321"
"2006","目黒線","武蔵小杉","定期外","10803"
"2007","目黒線","武蔵小杉","定期","22249"
"2007","目黒線","武蔵小杉","定期外","12447"
"2005","目黒線","武蔵小杉","定期","19916"
"2005","目黒線","武蔵小杉","定期外","10142"
"2008","目黒線","武蔵小杉","定期","26662"
"2008","目黒線","武蔵小杉","定期外","15390"
"2009","目黒線","武蔵小杉","定期","27323"
"2009","目黒線","武蔵小杉","定期外","15837"
"2011","目黒線","武蔵小杉","定期","23878"
"2011","目黒線","武蔵小杉","定期外","14150"
"2010","目黒線","武蔵小杉","定期","24637"
"2010","目黒線","武蔵小杉","定期外","14465"
"2013","目黒線","武蔵小杉","定期","26066"
"2013","目黒線","武蔵小杉","定期外","14854"
"2012","目黒線","武蔵小杉","定期","24322"
"2012","目黒線","武蔵小杉","定期外","14684"
"2006","目黒線","元住吉","定期",""
"2006","目黒線","元住吉","定期外",""
"2007","目黒線","元住吉","定期",""
"2007","目黒線","元住吉","定期外",""
"2005","目黒線","元住吉","定期",""
"2005","目黒線","元住吉","定期外",""
"2008","目黒線","元住吉","定期","6464"
"2008","目黒線","元住吉","定期外","4156"
"2009","目黒線","元住吉","定期","9385"
"2009","目黒線","元住吉","定期外","5700"
"2011","目黒線","元住吉","定期","9338"
"2011","目黒線","元住吉","定期外","5539"
"2010","目黒線","元住吉","定期","9158"
"2010","目黒線","元住吉","定期外","5503"
"2013","目黒線","元住吉","定期","10688"
"2013","目黒線","元住吉","定期外","5969"
"2012","目黒線","元住吉","定期","9764"
"2012","目黒線","元住吉","定期外","5800"
"2006","目黒線","日吉","定期",""
"2006","目黒線","日吉","定期外",""
"2007","目黒線","日吉","定期",""
"2007","目黒線","日吉","定期外",""
"2005","目黒線","日吉","定期",""
"2005","目黒線","日吉","定期外",""
"2008","目黒線","日吉","定期","15075"
"2008","目黒線","日吉","定期外","9209"
"2009","目黒線","日吉","定期","24735"
"2009","目黒線","日吉","定期外","12950"
"2011","目黒線","日吉","定期","28563"
"2011","目黒線","日吉","定期外","13568"
"2010","目黒線","日吉","定期","27214"
"2010","目黒線","日吉","定期外","13226"
"2013","目黒線","日吉","定期","32522"
"2013","目黒線","日吉","定期外","13474"
"2012","目黒線","日吉","定期","29988"
"2012","目黒線","日吉","定期外","14189"
"2006","大井町線","大井町","定期","63533"
"2006","大井町線","大井町","定期外","46172"
"2007","大井町線","大井町","定期","67237"
"2007","大井町線","大井町","定期外","47687"
"2005","大井町線","大井町","定期","61240"
"2005","大井町線","大井町","定期外","44917"
"2008","大井町線","大井町","定期","70473"
"2008","大井町線","大井町","定期外","50636"
"2009","大井町線","大井町","定期","73841"
"2009","大井町線","大井町","定期外","51576"
"2011","大井町線","大井町","定期","76318"
"2011","大井町線","大井町","定期外","51106"
"2010","大井町線","大井町","定期","75519"
"2010","大井町線","大井町","定期外","50876"
"2013","大井町線","大井町","定期","82220"
"2013","大井町線","大井町","定期外","54805"
"2012","大井町線","大井町","定期","78968"
"2012","大井町線","大井町","定期外","53596"
"2006","大井町線","下神明","定期","4449"
"2006","大井町線","下神明","定期外","4360"
"2007","大井町線","下神明","定期","4412"
"2007","大井町線","下神明","定期外","4485"
"2005","大井町線","下神明","定期","4773"
"2005","大井町線","下神明","定期外","4253"
"2008","大井町線","下神明","定期","4267"
"2008","大井町線","下神明","定期外","4317"
"2009","大井町線","下神明","定期","4042"
"2009","大井町線","下神明","定期外","4139"
"2011","大井町線","下神明","定期","3812"
"2011","大井町線","下神明","定期外","3817"
"2010","大井町線","下神明","定期","3934"
"2010","大井町線","下神明","定期外","3974"
"2013","大井町線","下神明","定期","3236"
"2013","大井町線","下神明","定期外","3728"
"2012","大井町線","下神明","定期","3712"
"2012","大井町線","下神明","定期外","3803"
"2006","大井町線","戸越公園","定期","6018"
"2006","大井町線","戸越公園","定期外","7190"
"2007","大井町線","戸越公園","定期","5962"
"2007","大井町線","戸越公園","定期外","7403"
"2005","大井町線","戸越公園","定期","6161"
"2005","大井町線","戸越公園","定期外","6999"
"2008","大井町線","戸越公園","定期","5782"
"2008","大井町線","戸越公園","定期外","7315"
"2009","大井町線","戸越公園","定期","5652"
"2009","大井町線","戸越公園","定期外","7215"
"2011","大井町線","戸越公園","定期","5703"
"2011","大井町線","戸越公園","定期外","7112"
"2010","大井町線","戸越公園","定期","5728"
"2010","大井町線","戸越公園","定期外","7082"
"2013","大井町線","戸越公園","定期","7371"
"2013","大井町線","戸越公園","定期外","7381"
"2012","大井町線","戸越公園","定期","5961"
"2012","大井町線","戸越公園","定期外","7178"
"2006","大井町線","中延","定期","9705"
"2006","大井町線","中延","定期外","9333"
"2007","大井町線","中延","定期","9732"
"2007","大井町線","中延","定期外","9559"
"2005","大井町線","中延","定期","9496"
"2005","大井町線","中延","定期外","9120"
"2008","大井町線","中延","定期","10035"
"2008","大井町線","中延","定期外","9327"
"2009","大井町線","中延","定期","10206"
"2009","大井町線","中延","定期外","9319"
"2011","大井町線","中延","定期","10563"
"2011","大井町線","中延","定期外","9112"
"2010","大井町線","中延","定期","10490"
"2010","大井町線","中延","定期外","9164"
"2013","大井町線","中延","定期","12030"
"2013","大井町線","中延","定期外","9490"
"2012","大井町線","中延","定期","10714"
"2012","大井町線","中延","定期外","9357"
"2006","大井町線","荏原町","定期","9340"
"2006","大井町線","荏原町","定期外","7361"
"2007","大井町線","荏原町","定期","9680"
"2007","大井町線","荏原町","定期外","7566"
"2005","大井町線","荏原町","定期","8741"
"2005","大井町線","荏原町","定期外","7207"
"2008","大井町線","荏原町","定期","9881"
"2008","大井町線","荏原町","定期外","7473"
"2009","大井町線","荏原町","定期","9839"
"2009","大井町線","荏原町","定期外","7348"
"2011","大井町線","荏原町","定期","9395"
"2011","大井町線","荏原町","定期外","7075"
"2010","大井町線","荏原町","定期","9459"
"2010","大井町線","荏原町","定期外","7128"
"2013","大井町線","荏原町","定期","9744"
"2013","大井町線","荏原町","定期外","7164"
"2012","大井町線","荏原町","定期","9525"
"2012","大井町線","荏原町","定期外","7043"
"2006","大井町線","旗の台","定期","8752"
"2006","大井町線","旗の台","定期外","8379"
"2007","大井町線","旗の台","定期","9175"
"2007","大井町線","旗の台","定期外","9209"
"2005","大井町線","旗の台","定期","8736"
"2005","大井町線","旗の台","定期外","8036"
"2008","大井町線","旗の台","定期","9564"
"2008","大井町線","旗の台","定期外","9998"
"2009","大井町線","旗の台","定期","9896"
"2009","大井町線","旗の台","定期外","10339"
"2011","大井町線","旗の台","定期","10600"
"2011","大井町線","旗の台","定期外","10852"
"2010","大井町線","旗の台","定期","10342"
"2010","大井町線","旗の台","定期外","10552"
"2013","大井町線","旗の台","定期","11636"
"2013","大井町線","旗の台","定期外","11473"
"2012","大井町線","旗の台","定期","11114"
"2012","大井町線","旗の台","定期外","11205"
"2006","大井町線","北千束","定期","3081"
"2006","大井町線","北千束","定期外","3984"
"2007","大井町線","北千束","定期","3112"
"2007","大井町線","北千束","定期外","4032"
"2005","大井町線","北千束","定期","3236"
"2005","大井町線","北千束","定期外","3841"
"2008","大井町線","北千束","定期","2939"
"2008","大井町線","北千束","定期外","3880"
"2009","大井町線","北千束","定期","2872"
"2009","大井町線","北千束","定期外","3823"
"2011","大井町線","北千束","定期","2856"
"2011","大井町線","北千束","定期外","3825"
"2010","大井町線","北千束","定期","2883"
"2010","大井町線","北千束","定期外","3819"
"2013","大井町線","北千束","定期","3115"
"2013","大井町線","北千束","定期外","3868"
"2012","大井町線","北千束","定期","2967"
"2012","大井町線","北千束","定期外","3862"
"2006","大井町線","大岡山","定期","12902"
"2006","大井町線","大岡山","定期外","10682"
"2007","大井町線","大岡山","定期","12714"
"2007","大井町線","大岡山","定期外","11270"
"2005","大井町線","大岡山","定期","12858"
"2005","大井町線","大岡山","定期外","10436"
"2008","大井町線","大岡山","定期","12891"
"2008","大井町線","大岡山","定期外","12033"
"2009","大井町線","大岡山","定期","13126"
"2009","大井町線","大岡山","定期外","12282"
"2011","大井町線","大岡山","定期","13346"
"2011","大井町線","大岡山","定期外","12294"
"2010","大井町線","大岡山","定期","13337"
"2010","大井町線","大岡山","定期外","12325"
"2013","大井町線","大岡山","定期","14450"
"2013","大井町線","大岡山","定期外","12759"
"2012","大井町線","大岡山","定期","13635"
"2012","大井町線","大岡山","定期外","12693"
"2006","大井町線","緑が丘","定期","3949"
"2006","大井町線","緑が丘","定期外","5173"
"2007","大井町線","緑が丘","定期","4001"
"2007","大井町線","緑が丘","定期外","5289"
"2005","大井町線","緑が丘","定期","4038"
"2005","大井町線","緑が丘","定期外","5013"
"2008","大井町線","緑が丘","定期","3901"
"2008","大井町線","緑が丘","定期外","5092"
"2009","大井町線","緑が丘","定期","3674"
"2009","大井町線","緑が丘","定期外","4931"
"2011","大井町線","緑が丘","定期","3642"
"2011","大井町線","緑が丘","定期外","4663"
"2010","大井町線","緑が丘","定期","3647"
"2010","大井町線","緑が丘","定期外","4735"
"2013","大井町線","緑が丘","定期","3840"
"2013","大井町線","緑が丘","定期外","5142"
"2012","大井町線","緑が丘","定期","3682"
"2012","大井町線","緑が丘","定期外","4834"
"2006","大井町線","自由が丘","定期","15661"
"2006","大井町線","自由が丘","定期外","25092"
"2007","大井町線","自由が丘","定期","20276"
"2007","大井町線","自由が丘","定期外","28556"
"2005","大井町線","自由が丘","定期","14601"
"2005","大井町線","自由が丘","定期外","24201"
"2008","大井町線","自由が丘","定期","17029"
"2008","大井町線","自由が丘","定期外","30323"
"2009","大井町線","自由が丘","定期","17524"
"2009","大井町線","自由が丘","定期外","31187"
"2011","大井町線","自由が丘","定期","18493"
"2011","大井町線","自由が丘","定期外","31073"
"2010","大井町線","自由が丘","定期","18288"
"2010","大井町線","自由が丘","定期外","31116"
"2013","大井町線","自由が丘","定期","19748"
"2013","大井町線","自由が丘","定期外","33641"
"2012","大井町線","自由が丘","定期","18849"
"2012","大井町線","自由が丘","定期外","32492"
"2006","大井町線","九品仏","定期","7264"
"2006","大井町線","九品仏","定期外","6235"
"2007","大井町線","九品仏","定期","7369"
"2007","大井町線","九品仏","定期外","6278"
"2005","大井町線","九品仏","定期","6999"
"2005","大井町線","九品仏","定期外","6048"
"2008","大井町線","九品仏","定期","7443"
"2008","大井町線","九品仏","定期外","6133"
"2009","大井町線","九品仏","定期","7264"
"2009","大井町線","九品仏","定期外","6090"
"2011","大井町線","九品仏","定期","6833"
"2011","大井町線","九品仏","定期外","5855"
"2010","大井町線","九品仏","定期","7262"
"2010","大井町線","九品仏","定期外","5917"
"2013","大井町線","九品仏","定期","6921"
"2013","大井町線","九品仏","定期外","6030"
"2012","大井町線","九品仏","定期","6814"
"2012","大井町線","九品仏","定期外","5933"
"2006","大井町線","尾山台","定期","14163"
"2006","大井町線","尾山台","定期外","11200"
"2007","大井町線","尾山台","定期","14550"
"2007","大井町線","尾山台","定期外","11432"
"2005","大井町線","尾山台","定期","14174"
"2005","大井町線","尾山台","定期外","11100"
"2008","大井町線","尾山台","定期","14746"
"2008","大井町線","尾山台","定期外","11408"
"2009","大井町線","尾山台","定期","14842"
"2009","大井町線","尾山台","定期外","11490"
"2011","大井町線","尾山台","定期","15469"
"2011","大井町線","尾山台","定期外","11786"
"2010","大井町線","尾山台","定期","15331"
"2010","大井町線","尾山台","定期外","11798"
"2013","大井町線","尾山台","定期","16775"
"2013","大井町線","尾山台","定期外","12522"
"2012","大井町線","尾山台","定期","15774"
"2012","大井町線","尾山台","定期外","12070"
"2006","大井町線","等々力","定期","14290"
"2006","大井町線","等々力","定期外","11429"
"2007","大井町線","等々力","定期","14295"
"2007","大井町線","等々力","定期外","11586"
"2005","大井町線","等々力","定期","14183"
"2005","大井町線","等々力","定期外","11310"
"2008","大井町線","等々力","定期","14087"
"2008","大井町線","等々力","定期外","11546"
"2009","大井町線","等々力","定期","14316"
"2009","大井町線","等々力","定期外","11667"
"2011","大井町線","等々力","定期","16178"
"2011","大井町線","等々力","定期外","11781"
"2010","大井町線","等々力","定期","15587"
"2010","大井町線","等々力","定期外","11762"
"2013","大井町線","等々力","定期","16897"
"2013","大井町線","等々力","定期外","12161"
"2012","大井町線","等々力","定期","16761"
"2012","大井町線","等々力","定期外","12140"
"2006","大井町線","上野毛","定期","10837"
"2006","大井町線","上野毛","定期外","9729"
"2007","大井町線","上野毛","定期","10934"
"2007","大井町線","上野毛","定期外","9892"
"2005","大井町線","上野毛","定期","10770"
"2005","大井町線","上野毛","定期外","9641"
"2008","大井町線","上野毛","定期","11102"
"2008","大井町線","上野毛","定期外","9963"
"2009","大井町線","上野毛","定期","11079"
"2009","大井町線","上野毛","定期外","9963"
"2011","大井町線","上野毛","定期","11258"
"2011","大井町線","上野毛","定期外","9572"
"2010","大井町線","上野毛","定期","11277"
"2010","大井町線","上野毛","定期外","9839"
"2013","大井町線","上野毛","定期","11703"
"2013","大井町線","上野毛","定期外","10259"
"2012","大井町線","上野毛","定期","11420"
"2012","大井町線","上野毛","定期外","9853"
"2006","大井町線","二子玉川","定期","14804"
"2006","大井町線","二子玉川","定期外","15985"
"2007","大井町線","二子玉川","定期","14809"
"2007","大井町線","二子玉川","定期外","17471"
"2005","大井町線","二子玉川","定期","14642"
"2005","大井町線","二子玉川","定期外","16079"
"2008","大井町線","二子玉川","定期","15136"
"2008","大井町線","二子玉川","定期外","18401"
"2009","大井町線","二子玉川","定期","16174"
"2009","大井町線","二子玉川","定期外","20474"
"2011","大井町線","二子玉川","定期","18296"
"2011","大井町線","二子玉川","定期外","25511"
"2010","大井町線","二子玉川","定期","16705"
"2010","大井町線","二子玉川","定期外","21392"
"2013","大井町線","二子玉川","定期","19565"
"2013","大井町線","二子玉川","定期外","27447"
"2012","大井町線","二子玉川","定期","18841"
"2012","大井町線","二子玉川","定期外","25809"
"2006","大井町線","溝の口","定期",""
"2006","大井町線","溝の口","定期外",""
"2007","大井町線","溝の口","定期",""
"2007","大井町線","溝の口","定期外",""
"2005","大井町線","溝の口","定期",""
"2005","大井町線","溝の口","定期外",""
"2008","大井町線","溝の口","定期",""
"2008","大井町線","溝の口","定期外",""
"2009","大井町線","溝の口","定期","13366"
"2009","大井町線","溝の口","定期外","12921"
"2011","大井町線","溝の口","定期","23774"
"2011","大井町線","溝の口","定期外","18702"
"2010","大井町線","溝の口","定期","21700"
"2010","大井町線","溝の口","定期外","18423"
"2013","大井町線","溝の口","定期","27519"
"2013","大井町線","溝の口","定期外","20873"
"2012","大井町線","溝の口","定期","25516"
"2012","大井町線","溝の口","定期外","20160"
"2006","世田谷線","全線","定期","51320"
"2006","世田谷線","全線","定期外","58072"
"2007","世田谷線","全線","定期","51366"
"2007","世田谷線","全線","定期外","59240"
"2005","世田谷線","全線","定期","50692"
"2005","世田谷線","全線","定期外","57138"
"2008","世田谷線","全線","定期","53732"
"2008","世田谷線","全線","定期外","59442"
"2009","世田谷線","全線","定期","52760"
"2009","世田谷線","全線","定期外","58580"
"2011","世田谷線","全線","定期","51432"
"2011","世田谷線","全線","定期外","55586"
"2010","世田谷線","全線","定期","52680"
"2010","世田谷線","全線","定期外","57780"
"2013","世田谷線","全線","定期","55096"
"2013","世田谷線","全線","定期外","58820"
"2012","世田谷線","全線","定期","52756"
"2012","世田谷線","全線","定期外","57358"
"2006","東急多摩川線","多摩川","定期","1091"
"2006","東急多摩川線","多摩川","定期外","1470"
"2007","東急多摩川線","多摩川","定期","1104"
"2007","東急多摩川線","多摩川","定期外","1839"
"2005","東急多摩川線","多摩川","定期","943"
"2005","東急多摩川線","多摩川","定期外","1464"
"2008","東急多摩川線","多摩川","定期","1187"
"2008","東急多摩川線","多摩川","定期外","2008"
"2009","東急多摩川線","多摩川","定期","1255"
"2009","東急多摩川線","多摩川","定期外","2040"
"2011","東急多摩川線","多摩川","定期","1390"
"2011","東急多摩川線","多摩川","定期外","1968"
"2010","東急多摩川線","多摩川","定期","1356"
"2010","東急多摩川線","多摩川","定期外","1980"
"2013","東急多摩川線","多摩川","定期","1479"
"2013","東急多摩川線","多摩川","定期外","2060"
"2012","東急多摩川線","多摩川","定期","1447"
"2012","東急多摩川線","多摩川","定期外","2042"
"2006","東急多摩川線","沼部","定期","5305"
"2006","東急多摩川線","沼部","定期外","4672"
"2007","東急多摩川線","沼部","定期","5288"
"2007","東急多摩川線","沼部","定期外","4660"
"2005","東急多摩川線","沼部","定期","5294"
"2005","東急多摩川線","沼部","定期外","4597"
"2008","東急多摩川線","沼部","定期","5349"
"2008","東急多摩川線","沼部","定期外","4704"
"2009","東急多摩川線","沼部","定期","5443"
"2009","東急多摩川線","沼部","定期外","4665"
"2011","東急多摩川線","沼部","定期","5352"
"2011","東急多摩川線","沼部","定期外","4626"
"2010","東急多摩川線","沼部","定期","5313"
"2010","東急多摩川線","沼部","定期外","4621"
"2013","東急多摩川線","沼部","定期","5760"
"2013","東急多摩川線","沼部","定期外","4658"
"2012","東急多摩川線","沼部","定期","5520"
"2012","東急多摩川線","沼部","定期外","4729"
"2006","東急多摩川線","鵜の木","定期","10385"
"2006","東急多摩川線","鵜の木","定期外","8241"
"2007","東急多摩川線","鵜の木","定期","10095"
"2007","東急多摩川線","鵜の木","定期外","8374"
"2005","東急多摩川線","鵜の木","定期","10609"
"2005","東急多摩川線","鵜の木","定期外","8191"
"2008","東急多摩川線","鵜の木","定期","10368"
"2008","東急多摩川線","鵜の木","定期外","8423"
"2009","東急多摩川線","鵜の木","定期","10261"
"2009","東急多摩川線","鵜の木","定期外","8186"
"2011","東急多摩川線","鵜の木","定期","10010"
"2011","東急多摩川線","鵜の木","定期外","7890"
"2010","東急多摩川線","鵜の木","定期","10280"
"2010","東急多摩川線","鵜の木","定期外","7976"
"2013","東急多摩川線","鵜の木","定期","10438"
"2013","東急多摩川線","鵜の木","定期外","8060"
"2012","東急多摩川線","鵜の木","定期","10123"
"2012","東急多摩川線","鵜の木","定期外","8040"
"2006","東急多摩川線","下丸子","定期","22996"
"2006","東急多摩川線","下丸子","定期外","11974"
"2007","東急多摩川線","下丸子","定期","23457"
"2007","東急多摩川線","下丸子","定期外","11927"
"2005","東急多摩川線","下丸子","定期","21500"
"2005","東急多摩川線","下丸子","定期外","11475"
"2008","東急多摩川線","下丸子","定期","23707"
"2008","東急多摩川線","下丸子","定期外","11926"
"2009","東急多摩川線","下丸子","定期","23905"
"2009","東急多摩川線","下丸子","定期外","11692"
"2011","東急多摩川線","下丸子","定期","24837"
"2011","東急多摩川線","下丸子","定期外","11442"
"2010","東急多摩川線","下丸子","定期","24549"
"2010","東急多摩川線","下丸子","定期外","11501"
"2013","東急多摩川線","下丸子","定期","26231"
"2013","東急多摩川線","下丸子","定期外","11505"
"2012","東急多摩川線","下丸子","定期","25174"
"2012","東急多摩川線","下丸子","定期外","11434"
"2006","東急多摩川線","武蔵新田","定期","12831"
"2006","東急多摩川線","武蔵新田","定期外","9986"
"2007","東急多摩川線","武蔵新田","定期","13017"
"2007","東急多摩川線","武蔵新田","定期外","9996"
"2005","東急多摩川線","武蔵新田","定期","12955"
"2005","東急多摩川線","武蔵新田","定期外","9930"
"2008","東急多摩川線","武蔵新田","定期","13253"
"2008","東急多摩川線","武蔵新田","定期外","10120"
"2009","東急多摩川線","武蔵新田","定期","13106"
"2009","東急多摩川線","武蔵新田","定期外","10017"
"2011","東急多摩川線","武蔵新田","定期","13528"
"2011","東急多摩川線","武蔵新田","定期外","9929"
"2010","東急多摩川線","武蔵新田","定期","13335"
"2010","東急多摩川線","武蔵新田","定期外","9947"
"2013","東急多摩川線","武蔵新田","定期","14681"
"2013","東急多摩川線","武蔵新田","定期外","10481"
"2012","東急多摩川線","武蔵新田","定期","13864"
"2012","東急多摩川線","武蔵新田","定期外","10177"
"2006","東急多摩川線","矢口渡","定期","12796"
"2006","東急多摩川線","矢口渡","定期外","9616"
"2007","東急多摩川線","矢口渡","定期","13049"
"2007","東急多摩川線","矢口渡","定期外","9709"
"2005","東急多摩川線","矢口渡","定期","13184"
"2005","東急多摩川線","矢口渡","定期外","9338"
"2008","東急多摩川線","矢口渡","定期","13068"
"2008","東急多摩川線","矢口渡","定期外","9781"
"2009","東急多摩川線","矢口渡","定期","13044"
"2009","東急多摩川線","矢口渡","定期外","9712"
"2011","東急多摩川線","矢口渡","定期","13339"
"2011","東急多摩川線","矢口渡","定期外","9588"
"2010","東急多摩川線","矢口渡","定期","13292"
"2010","東急多摩川線","矢口渡","定期外","9544"
"2013","東急多摩川線","矢口渡","定期","14182"
"2013","東急多摩川線","矢口渡","定期外","9824"
"2012","東急多摩川線","矢口渡","定期","13611"
"2012","東急多摩川線","矢口渡","定期外","9707"
"2006","東急多摩川線","蒲田","定期","51956"
"2006","東急多摩川線","蒲田","定期外","31804"
"2007","東急多摩川線","蒲田","定期","52454"
"2007","東急多摩川線","蒲田","定期外","31243"
"2005","東急多摩川線","蒲田","定期","51267"
"2005","東急多摩川線","蒲田","定期外","31623"
"2008","東急多摩川線","蒲田","定期","53316"
"2008","東急多摩川線","蒲田","定期外","31839"
"2009","東急多摩川線","蒲田","定期","53289"
"2009","東急多摩川線","蒲田","定期外","31117"
"2011","東急多摩川線","蒲田","定期","53837"
"2011","東急多摩川線","蒲田","定期外","30432"
"2010","東急多摩川線","蒲田","定期","53826"
"2010","東急多摩川線","蒲田","定期外","30573"
"2013","東急多摩川線","蒲田","定期","56775"
"2013","東急多摩川線","蒲田","定期外","31327"
"2012","東急多摩川線","蒲田","定期","54614"
"2012","東急多摩川線","蒲田","定期外","30686"
"2006","東横線","渋谷","定期","234660"
"2006","東横線","渋谷","定期外","183071"
"2007","東横線","渋谷","定期","227773"
"2007","東横線","渋谷","定期外","187060"
"2005","東横線","渋谷","定期","230713"
"2005","東横線","渋谷","定期外","181524"
"2008","東横線","渋谷","定期","236669"
"2008","東横線","渋谷","定期外","191416"
"2009","東横線","渋谷","定期","235617"
"2009","東横線","渋谷","定期外","190852"
"2011","東横線","渋谷","定期","232953"
"2011","東横線","渋谷","定期外","187210"
"2010","東横線","渋谷","定期","234533"
"2010","東横線","渋谷","定期外","184949"
"2013","東横線","渋谷","定期","250438"
"2013","東横線","渋谷","定期外","190828"
"2012","東横線","渋谷","定期","238989"
"2012","東横線","渋谷","定期外","197005"
"2006","東横線","代官山","定期","7038"
"2006","東横線","代官山","定期外","17116"
"2007","東横線","代官山","定期","6932"
"2007","東横線","代官山","定期外","17744"
"2005","東横線","代官山","定期","7035"
"2005","東横線","代官山","定期外","17133"
"2008","東横線","代官山","定期","6790"
"2008","東横線","代官山","定期外","18007"
"2009","東横線","代官山","定期","6829"
"2009","東横線","代官山","定期外","17430"
"2011","東横線","代官山","定期","7265"
"2011","東横線","代官山","定期外","17638"
"2010","東横線","代官山","定期","6923"
"2010","東横線","代官山","定期外","16673"
"2013","東横線","代官山","定期","8316"
"2013","東横線","代官山","定期外","21167"
"2012","東横線","代官山","定期","7889"
"2012","東横線","代官山","定期外","20804"
"2006","東横線","中目黒","定期","106419"
"2006","東横線","中目黒","定期外","66225"
"2007","東横線","中目黒","定期","111166"
"2007","東横線","中目黒","定期外","74832"
"2005","東横線","中目黒","定期","103905"
"2005","東横線","中目黒","定期外","64382"
"2008","東横線","中目黒","定期","114212"
"2008","東横線","中目黒","定期外","75363"
"2009","東横線","中目黒","定期","114278"
"2009","東横線","中目黒","定期外","75757"
"2011","東横線","中目黒","定期","108908"
"2011","東横線","中目黒","定期外","73952"
"2010","東横線","中目黒","定期","111482"
"2010","東横線","中目黒","定期外","74957"
"2013","東横線","中目黒","定期","117491"
"2013","東横線","中目黒","定期外","68438"
"2012","東横線","中目黒","定期","112943"
"2012","東横線","中目黒","定期外","77831"
"2006","東横線","祐天寺","定期","14208"
"2006","東横線","祐天寺","定期外","15302"
"2007","東横線","祐天寺","定期","14092"
"2007","東横線","祐天寺","定期外","16101"
"2005","東横線","祐天寺","定期","15258"
"2005","東横線","祐天寺","定期外","14974"
"2008","東横線","祐天寺","定期","14187"
"2008","東横線","祐天寺","定期外","16200"
"2009","東横線","祐天寺","定期","13785"
"2009","東横線","祐天寺","定期外","15972"
"2011","東横線","祐天寺","定期","13541"
"2011","東横線","祐天寺","定期外","15653"
"2010","東横線","祐天寺","定期","13664"
"2010","東横線","祐天寺","定期外","15747"
"2013","東横線","祐天寺","定期","14003"
"2013","東横線","祐天寺","定期外","15806"
"2012","東横線","祐天寺","定期","13748"
"2012","東横線","祐天寺","定期外","15868"
"2006","東横線","学芸大学","定期","35736"
"2006","東横線","学芸大学","定期外","32117"
"2007","東横線","学芸大学","定期","36381"
"2007","東横線","学芸大学","定期外","32804"
"2005","東横線","学芸大学","定期","34304"
"2005","東横線","学芸大学","定期外","31532"
"2008","東横線","学芸大学","定期","36686"
"2008","東横線","学芸大学","定期外","32701"
"2009","東横線","学芸大学","定期","37109"
"2009","東横線","学芸大学","定期外","32985"
"2011","東横線","学芸大学","定期","37203"
"2011","東横線","学芸大学","定期外","32319"
"2010","東横線","学芸大学","定期","37448"
"2010","東横線","学芸大学","定期外","32553"
"2013","東横線","学芸大学","定期","40364"
"2013","東横線","学芸大学","定期外","34041"
"2012","東横線","学芸大学","定期","38655"
"2012","東横線","学芸大学","定期外","33295"
"2006","東横線","都立大学","定期","21434"
"2006","東横線","都立大学","定期外","24517"
"2007","東横線","都立大学","定期","21983"
"2007","東横線","都立大学","定期外","25116"
"2005","東横線","都立大学","定期","21297"
"2005","東横線","都立大学","定期外","24297"
"2008","東横線","都立大学","定期","22436"
"2008","東横線","都立大学","定期外","25447"
"2009","東横線","都立大学","定期","22101"
"2009","東横線","都立大学","定期外","25253"
"2011","東横線","都立大学","定期","21299"
"2011","東横線","都立大学","定期外","24905"
"2010","東横線","都立大学","定期","21681"
"2010","東横線","都立大学","定期外","24792"
"2013","東横線","都立大学","定期","22174"
"2013","東横線","都立大学","定期外","25457"
"2012","東横線","都立大学","定期","21743"
"2012","東横線","都立大学","定期外","25642"
"2006","東横線","自由が丘","定期","42472"
"2006","東横線","自由が丘","定期外","44049"
"2007","東横線","自由が丘","定期","39267"
"2007","東横線","自由が丘","定期外","48052"
"2005","東横線","自由が丘","定期","40446"
"2005","東横線","自由が丘","定期外","43136"
"2008","東横線","自由が丘","定期","43565"
"2008","東横線","自由が丘","定期外","48758"
"2009","東横線","自由が丘","定期","43418"
"2009","東横線","自由が丘","定期外","48818"
"2011","東横線","自由が丘","定期","41912"
"2011","東横線","自由が丘","定期外","48187"
"2010","東横線","自由が丘","定期","43104"
"2010","東横線","自由が丘","定期外","48098"
"2013","東横線","自由が丘","定期","43807"
"2013","東横線","自由が丘","定期外","51914"
"2012","東横線","自由が丘","定期","42571"
"2012","東横線","自由が丘","定期外","49391"
"2006","東横線","田園調布","定期","12140"
"2006","東横線","田園調布","定期外","12310"
"2007","東横線","田園調布","定期","11995"
"2007","東横線","田園調布","定期外","13735"
"2005","東横線","田園調布","定期","11902"
"2005","東横線","田園調布","定期外","12179"
"2008","東横線","田園調布","定期","11620"
"2008","東横線","田園調布","定期外","14221"
"2009","東横線","田園調布","定期","11505"
"2009","東横線","田園調布","定期外","14210"
"2011","東横線","田園調布","定期","11845"
"2011","東横線","田園調布","定期外","13503"
"2010","東横線","田園調布","定期","11625"
"2010","東横線","田園調布","定期外","13710"
"2013","東横線","田園調布","定期","12175"
"2013","東横線","田園調布","定期外","12146"
"2012","東横線","田園調布","定期","11978"
"2012","東横線","田園調布","定期外","13577"
"2006","東横線","多摩川","定期","5322"
"2006","東横線","多摩川","定期外","6921"
"2007","東横線","多摩川","定期","5424"
"2007","東横線","多摩川","定期外","7784"
"2005","東横線","多摩川","定期","5096"
"2005","東横線","多摩川","定期外","6683"
"2008","東横線","多摩川","定期","5556"
"2008","東横線","多摩川","定期外","7855"
"2009","東横線","多摩川","定期","5466"
"2009","東横線","多摩川","定期外","7920"
"2011","東横線","多摩川","定期","5515"
"2011","東横線","多摩川","定期外","7833"
"2010","東横線","多摩川","定期","5563"
"2010","東横線","多摩川","定期外","7792"
"2013","東横線","多摩川","定期","5812"
"2013","東横線","多摩川","定期外","8224"
"2012","東横線","多摩川","定期","5658"
"2012","東横線","多摩川","定期外","7924"
"2006","東横線","新丸子","定期","9666"
"2006","東横線","新丸子","定期外","11283"
"2007","東横線","新丸子","定期","9983"
"2007","東横線","新丸子","定期外","11271"
"2005","東横線","新丸子","定期","9388"
"2005","東横線","新丸子","定期外","11362"
"2008","東横線","新丸子","定期","9810"
"2008","東横線","新丸子","定期外","10818"
"2009","東横線","新丸子","定期","9921"
"2009","東横線","新丸子","定期外","10484"
"2011","東横線","新丸子","定期","9600"
"2011","東横線","新丸子","定期外","10228"
"2010","東横線","新丸子","定期","9652"
"2010","東横線","新丸子","定期外","10133"
"2013","東横線","新丸子","定期","9932"
"2013","東横線","新丸子","定期外","10441"
"2012","東横線","新丸子","定期","9840"
"2012","東横線","新丸子","定期外","10350"
"2006","東横線","武蔵小杉","定期","99227"
"2006","東横線","武蔵小杉","定期外","59466"
"2007","東横線","武蔵小杉","定期","103092"
"2007","東横線","武蔵小杉","定期外","62098"
"2005","東横線","武蔵小杉","定期","97216"
"2005","東横線","武蔵小杉","定期外","57735"
"2008","東横線","武蔵小杉","定期","103256"
"2008","東横線","武蔵小杉","定期外","60514"
"2009","東横線","武蔵小杉","定期","103300"
"2009","東横線","武蔵小杉","定期外","59175"
"2011","東横線","武蔵小杉","定期","94796"
"2011","東横線","武蔵小杉","定期外","54565"
"2010","東横線","武蔵小杉","定期","97454"
"2010","東横線","武蔵小杉","定期外","55456"
"2013","東横線","武蔵小杉","定期","99552"
"2013","東横線","武蔵小杉","定期外","61387"
"2012","東横線","武蔵小杉","定期","94841"
"2012","東横線","武蔵小杉","定期外","55484"
"2006","東横線","元住吉","定期","36111"
"2006","東横線","元住吉","定期外","23938"
"2007","東横線","元住吉","定期","37227"
"2007","東横線","元住吉","定期外","24198"
"2005","東横線","元住吉","定期","34888"
"2005","東横線","元住吉","定期外","23259"
"2008","東横線","元住吉","定期","31034"
"2008","東横線","元住吉","定期外","20495"
"2009","東横線","元住吉","定期","28305"
"2009","東横線","元住吉","定期外","18678"
"2011","東横線","元住吉","定期","27282"
"2011","東横線","元住吉","定期外","18026"
"2010","東横線","元住吉","定期","27660"
"2010","東横線","元住吉","定期外","18199"
"2013","東横線","元住吉","定期","28699"
"2013","東横線","元住吉","定期外","18529"
"2012","東横線","元住吉","定期","27690"
"2012","東横線","元住吉","定期外","18381"
"2006","東横線","日吉","定期","87237"
"2006","東横線","日吉","定期外","43370"
"2007","東横線","日吉","定期","89908"
"2007","東横線","日吉","定期外","45352"
"2005","東横線","日吉","定期","85846"
"2005","東横線","日吉","定期外","42843"
"2008","東横線","日吉","定期","91537"
"2008","東横線","日吉","定期外","48128"
"2009","東横線","日吉","定期","89180"
"2009","東横線","日吉","定期外","46200"
"2011","東横線","日吉","定期","92035"
"2011","東横線","日吉","定期外","46329"
"2010","東横線","日吉","定期","91271"
"2010","東横線","日吉","定期外","46408"
"2013","東横線","日吉","定期","98775"
"2013","東横線","日吉","定期外","49164"
"2012","東横線","日吉","定期","94015"
"2012","東横線","日吉","定期外","47107"
"2006","東横線","綱島","定期","62433"
"2006","東横線","綱島","定期外","40906"
"2007","東横線","綱島","定期","64110"
"2007","東横線","綱島","定期外","42067"
"2005","東横線","綱島","定期","60249"
"2005","東横線","綱島","定期外","40170"
"2008","東横線","綱島","定期","60376"
"2008","東横線","綱島","定期外","38926"
"2009","東横線","綱島","定期","58996"
"2009","東横線","綱島","定期外","37850"
"2011","東横線","綱島","定期","57843"
"2011","東横線","綱島","定期外","36936"
"2010","東横線","綱島","定期","58677"
"2010","東横線","綱島","定期外","37431"
"2013","東横線","綱島","定期","61261"
"2013","東横線","綱島","定期外","37972"
"2012","東横線","綱島","定期","59200"
"2012","東横線","綱島","定期外","37472"
"2006","東横線","大倉山","定期","29462"
"2006","東横線","大倉山","定期外","20894"
"2007","東横線","大倉山","定期","30135"
"2007","東横線","大倉山","定期外","21224"
"2005","東横線","大倉山","定期","28686"
"2005","東横線","大倉山","定期外","20753"
"2008","東横線","大倉山","定期","29937"
"2008","東横線","大倉山","定期外","20872"
"2009","東横線","大倉山","定期","29825"
"2009","東横線","大倉山","定期外","20656"
"2011","東横線","大倉山","定期","30739"
"2011","東横線","大倉山","定期外","20492"
"2010","東横線","大倉山","定期","30479"
"2010","東横線","大倉山","定期外","20422"
"2013","東横線","大倉山","定期","32708"
"2013","東横線","大倉山","定期外","21189"
"2012","東横線","大倉山","定期","31371"
"2012","東横線","大倉山","定期外","20704"
"2006","東横線","菊名","定期","78127"
"2006","東横線","菊名","定期外","40956"
"2007","東横線","菊名","定期","81325"
"2007","東横線","菊名","定期外","48583"
"2005","東横線","菊名","定期","76519"
"2005","東横線","菊名","定期外","38861"
"2008","東横線","菊名","定期","78598"
"2008","東横線","菊名","定期外","48670"
"2009","東横線","菊名","定期","78790"
"2009","東横線","菊名","定期外","48218"
"2011","東横線","菊名","定期","79565"
"2011","東横線","菊名","定期外","49881"
"2010","東横線","菊名","定期","80746"
"2010","東横線","菊名","定期外","49602"
"2013","東横線","菊名","定期","81799"
"2013","東横線","菊名","定期外","53372"
"2012","東横線","菊名","定期","80741"
"2012","東横線","菊名","定期外","51399"
"2006","東横線","妙蓮寺","定期","13830"
"2006","東横線","妙蓮寺","定期外","11096"
"2007","東横線","妙蓮寺","定期","13601"
"2007","東横線","妙蓮寺","定期外","11354"
"2005","東横線","妙蓮寺","定期","14647"
"2005","東横線","妙蓮寺","定期外","11150"
"2008","東横線","妙蓮寺","定期","13780"
"2008","東横線","妙蓮寺","定期外","11314"
"2009","東横線","妙蓮寺","定期","13629"
"2009","東横線","妙蓮寺","定期外","11127"
"2011","東横線","妙蓮寺","定期","13318"
"2011","東横線","妙蓮寺","定期外","10898"
"2010","東横線","妙蓮寺","定期","13539"
"2010","東横線","妙蓮寺","定期外","10999"
"2013","東横線","妙蓮寺","定期","13900"
"2013","東横線","妙蓮寺","定期外","11154"
"2012","東横線","妙蓮寺","定期","13528"
"2012","東横線","妙蓮寺","定期外","10982"
"2006","東横線","白楽","定期","25584"
"2006","東横線","白楽","定期外","13269"
"2007","東横線","白楽","定期","26554"
"2007","東横線","白楽","定期外","14121"
"2005","東横線","白楽","定期","24993"
"2005","東横線","白楽","定期外","13110"
"2008","東横線","白楽","定期","26896"
"2008","東横線","白楽","定期外","14494"
"2009","東横線","白楽","定期","27075"
"2009","東横線","白楽","定期外","14530"
"2011","東横線","白楽","定期","27536"
"2011","東横線","白楽","定期外","14559"
"2010","東横線","白楽","定期","27643"
"2010","東横線","白楽","定期外","14412"
"2013","東横線","白楽","定期","29326"
"2013","東横線","白楽","定期外","15153"
"2012","東横線","白楽","定期","28244"
"2012","東横線","白楽","定期外","14909"
"2006","東横線","東白楽","定期","6568"
"2006","東横線","東白楽","定期外","6276"
"2007","東横線","東白楽","定期","6612"
"2007","東横線","東白楽","定期外","6386"
"2005","東横線","東白楽","定期","6812"
"2005","東横線","東白楽","定期外","6315"
"2008","東横線","東白楽","定期","6682"
"2008","東横線","東白楽","定期外","6396"
"2009","東横線","東白楽","定期","6726"
"2009","東横線","東白楽","定期外","6365"
"2011","東横線","東白楽","定期","6640"
"2011","東横線","東白楽","定期外","6216"
"2010","東横線","東白楽","定期","6685"
"2010","東横線","東白楽","定期外","6260"
"2013","東横線","東白楽","定期","6995"
"2013","東横線","東白楽","定期外","6348"
"2012","東横線","東白楽","定期","6828"
"2012","東横線","東白楽","定期外","6242"
"2006","東横線","反町","定期","6675"
"2006","東横線","反町","定期外","6979"
"2007","東横線","反町","定期","6679"
"2007","東横線","反町","定期外","7104"
"2005","東横線","反町","定期","7222"
"2005","東横線","反町","定期外","6893"
"2008","東横線","反町","定期","6454"
"2008","東横線","反町","定期外","7084"
"2009","東横線","反町","定期","6282"
"2009","東横線","反町","定期外","6929"
"2011","東横線","反町","定期","6275"
"2011","東横線","反町","定期外","6599"
"2010","東横線","反町","定期","6378"
"2010","東横線","反町","定期外","6828"
"2013","東横線","反町","定期","6171"
"2013","東横線","反町","定期外","6720"
"2012","東横線","反町","定期","6177"
"2012","東横線","反町","定期外","6641"
"2006","東横線","横浜","定期","179585"
"2006","東横線","横浜","定期外","132348"
"2007","東横線","横浜","定期","184539"
"2007","東横線","横浜","定期外","139312"
"2005","東横線","横浜","定期","177659"
"2005","東横線","横浜","定期外","130326"
"2008","東横線","横浜","定期","187475"
"2008","東横線","横浜","定期外","141294"
"2009","東横線","横浜","定期","189139"
"2009","東横線","横浜","定期外","142863"
"2011","東横線","横浜","定期","189442"
"2011","東横線","横浜","定期外","137795"
"2010","東横線","横浜","定期","188684"
"2010","東横線","横浜","定期外","138903"
"2013","東横線","横浜","定期","201883"
"2013","東横線","横浜","定期外","149769"
"2012","東横線","横浜","定期","193236"
"2012","東横線","横浜","定期外","142752"
